Device,TG,Planned Reach 1+,Planned Freq,Planned Budget,Planned Impressions,"Del Cpm/
Bidvid  cpm",Type,Subtype,Budget Type,Pacing,Pacing Rate,Pacing Amount,Frequency Enabled,Frequency Exposures,Frequency Period,TrueView View Frequency Enabled,TrueView View Frequency Exposures,TrueView View Frequency Period,Partner Revenue Model,Partner Revenue Amount,Geography Targeting - Include,TrueView Video Ad Formats,Inventory Mode,Video Ad Format,month_range,campaign_duration_days
All,,,,,,86.0,,,,,,,,,,,,,,,Lucknow,,,,Jul 2025,20.0
All,,,,,,115.0,,,,,,,,,,,,,,,Kalcutta,,,,Jul 2025,20.0
All,,,,,,118.0,,,,,,,,,,,,,,,Lucknow,,,,Jul 2025,20.0
All,,,,,,130.0,,,,,,,,,,,,,,,Kalcutta,,,,Jul 2025,20.0
All,,,,,,114.0,,,,,,,,,,,,,,,Delhi NCR,,,,Jul 2025,20.0
All,,,,,,112.6,,,,,,,,,,,,,,,,,,,,
YT CTV,F 25-44 NCCS AB,248901.0,6.0,164275.0,1493406.0,,TrueView,Target Frequency,TrueView Budget,Daily,,43384.0,False,0.0,Days,False,0.0,Days,TMCM,0.0,"Bhubaneswar, Kolkata, Cuttack, Howrah",Skippable / Bumper / Non Skippable,Limited,Non Skippable,Jul–Sep 2025,54.0
YT CTV,F 25-44 NCCS AB,348827.0,6.0,156972.0,2092962.0,,TrueView,Target Frequency,TrueView Budget,Daily,,41803.0,False,0.0,Days,False,0.0,Days,TMCM,0.0,"Hyderabad, Visakhapatnam",Skippable / Bumper / Non Skippable,Limited,Non Skippable,Jul–Sep 2025,54.0
YT CTV,F 25-44 NCCS AB,143241.0,6.0,63599.0,859446.0,,TrueView,Target Frequency,TrueView Budget,Daily,,7007.0,False,0.0,Days,False,0.0,Days,TMCM,0.0,"Lucknow, Varanasi, Agra",Skippable / Bumper / Non Skippable,Limited,Non Skippable,Jul–Sep 2025,54.0
YT CTV,F 25-44 NCCS AB,383525.0,6.0,227814.0,2301150.0,,TrueView,Target Frequency,TrueView Budget,Daily,,17969.0,False,0.0,Days,False,0.0,Days,TMCM,0.0,"Ahmedabad, Surat, Vadodara",Skippable / Bumper / Non Skippable,Limited,Non Skippable,Jul–Sep 2025,54.0
YT CTV,F 25-44 NCCS AB,99042.0,6.0,39815.0,594252.0,,TrueView,Target Frequency,TrueView Budget,Daily,,2381.0,False,0.0,Days,False,0.0,Days,TMCM,0.0,"Jaipur, Jodhpur",Skippable / Bumper / Non Skippable,Limited,Non Skippable,Jul–Sep 2025,54.0
YT CTV,F 25-44 NCCS AB,83777.0,6.0,36192.0,502662.0,,TrueView,Target Frequency,TrueView Budget,Daily,,15657.0,False,0.0,Days,False,0.0,Days,TMCM,0.0,"Jamshedpur, Patna, Ranchi",Skippable / Bumper / Non Skippable,Limited,Non Skippable,Jul–Sep 2025,54.0
YT CTV,F 25-44 NCCS AB,163214.0,6.0,67571.0,979284.0,,TrueView,Target Frequency,TrueView Budget,Daily,,30767.0,False,0.0,Days,False,0.0,Days,TMCM,0.0,"Bhopal, Indore, Jabalpur, Raipur, Bhilai",Skippable / Bumper / Non Skippable,Limited,Non Skippable,Jul–Sep 2025,54.0
YT CTV,F 25-44 NCCS AB,118340.0,6.0,46862.0,710040.0,,TrueView,Target Frequency,TrueView Budget,Daily,,5799.0,False,0.0,Days,False,0.0,Days,TMCM,0.0,"Ludhiana, Jalandhar",Skippable / Bumper / Non Skippable,Limited,Non Skippable,Jul–Sep 2025,54.0
YT NSK,F 25-44 NCCS AB,3454173.0,6.5,4005903.0,22452124.5,,TrueView,Target Frequency,TrueView Budget,Daily,,5000.0,False,0.0,Days,False,0.0,Days,TMCM,0.0,"Kolhapur, Mumbai, Nagpur, Pune, Thane, Navi Mumbai, Bhiwandi",Skippable / Bumper / Non Skippable,Limited,Non Skippable,Jul–Sep 2025,54.0
YT NSK,F 25-44 NCCS AB,1306732.0,6.5,993770.0,8493758.0,,TrueView,Target Frequency,TrueView Budget,Daily,,85241.0,False,0.0,Days,False,0.0,Days,TMCM,0.0,"Bhubaneswar, Kolkata, Cuttack, Howrah",Skippable / Bumper / Non Skippable,Limited,Non Skippable,Jul–Sep 2025,54.0
YT NSK,F 25-44 NCCS AB,1046480.0,6.5,904682.0,6802120.0,,TrueView,Target Frequency,TrueView Budget,Daily,,58735.0,False,0.0,Days,False,0.0,Days,TMCM,0.0,"Hyderabad, Visakhapatnam",Skippable / Bumper / Non Skippable,Limited,Non Skippable,Jul–Sep 2025,54.0
YT NSK,F 25-44 NCCS AB,752016.0,6.5,483922.0,4888104.0,,TrueView,Target Frequency,TrueView Budget,Daily,,107406.0,False,0.0,Days,False,0.0,Days,TMCM,0.0,"Lucknow, Varanasi, Agra",Skippable / Bumper / Non Skippable,Limited,Non Skippable,Jul–Sep 2025,54.0
YT NSK,F 25-44 NCCS AB,1442784.0,6.5,1228531.0,9378096.0,,TrueView,Target Frequency,TrueView Budget,Daily,,153380.0,False,0.0,Days,False,0.0,Days,TMCM,0.0,"Ahmedabad, Surat, Vadodara",Skippable / Bumper / Non Skippable,Limited,Non Skippable,Jul–Sep 2025,54.0
YT NSK,F 25-44 NCCS AB,1007994.0,6.5,917275.0,6551961.0,,TrueView,Target Frequency,TrueView Budget,Daily,,120000.0,False,0.0,Days,False,0.0,Days,TMCM,0.0,Chennai,Skippable / Bumper / Non Skippable,Limited,Non Skippable,Jul–Sep 2025,54.0
YT NSK,F 25-44 NCCS AB,483558.0,6.5,301740.0,3143127.0,,TrueView,Target Frequency,TrueView Budget,Daily,,100208.0,False,0.0,Days,False,0.0,Days,TMCM,0.0,"Jaipur, Jodhpur",Skippable / Bumper / Non Skippable,Limited,Non Skippable,Jul–Sep 2025,54.0
YT NSK,F 25-44 NCCS AB,482468.0,6.5,291652.0,3136042.0,,TrueView,Target Frequency,TrueView Budget,Daily,,55441.0,False,0.0,Days,False,0.0,Days,TMCM,0.0,"Jamshedpur, Patna, Ranchi",Skippable / Bumper / Non Skippable,Limited,Non Skippable,Jul–Sep 2025,54.0
YT NSK,F 25-44 NCCS AB,1191448.0,6.5,1239106.0,7744412.0,,TrueView,Target Frequency,TrueView Budget,Daily,,89808.0,False,0.0,Days,False,0.0,Days,TMCM,0.0,Bengaluru,Skippable / Bumper / Non Skippable,Limited,Non Skippable,Jul–Sep 2025,54.0
YT NSK,F 25-44 NCCS AB,853787.0,6.5,505015.0,5549615.5,,TrueView,Target Frequency,TrueView Budget,Daily,,35723.0,False,0.0,Days,False,0.0,Days,TMCM,0.0,"Bhopal, Indore, Jabalpur, Raipur, Bhilai",Skippable / Bumper / Non Skippable,Limited,Non Skippable,Jul–Sep 2025,54.0
YT NSK,F 25-44 NCCS AB,2204393.0,4.0,1146285.0,8817572.0,105.0,TrueView,Target Frequency,TrueView Budget,Daily,,12783.0,False,0.0,Days,False,0.0,Days,TMCM,0.0,Maharashtra,Skippable / Bumper / Non Skippable,Limited,Non Skippable,Jul–Sep 2025,44.0
YT NSK,MF 25-34 NCCS A,940903.0,4.0,355416.0,3763612.0,84.0,TrueView,Target Frequency,TrueView Budget,Daily,,16903.0,False,0.0,Days,False,0.0,Days,TMCM,0.0,"Hyderabad, Hyderabad",Skippable / Bumper / Non Skippable,Limited,Non Skippable,Jul–Sep 2025,34.0
YT NSK,MF 25-34 NCCS A,1211316.0,4.0,513599.0,4845264.0,89.0,TrueView,Target Frequency,TrueView Budget,Daily,,15188.31,False,0.0,Days,False,0.0,Days,TMCM,0.0,Bengaluru,Skippable / Bumper / Non Skippable,Limited,Non Skippable,Jul–Sep 2025,43.0
YT NSK,MF 25-34 NCCS A,476119.0,4.0,200830.0,1904476.0,86.0,TrueView,Target Frequency,TrueView Budget,Daily,,11592.0,False,0.0,Days,False,0.0,Days,TMCM,0.0,Pune,Skippable / Bumper / Non Skippable,Limited,Non Skippable,Jul–Sep 2025,43.0
YT NSK,MF 25-34 NCCS A,422308.0,4.0,163991.0,1689232.0,85.0,TrueView,Target Frequency,TrueView Budget,Daily,,14145.0,False,0.0,Days,False,0.0,Days,TMCM,0.0,"Kolkata, Kolkata",Skippable / Bumper / Non Skippable,Limited,Non Skippable,Jul–Sep 2025,43.0
YT NSK,MF 18-24 NCCS A,687071.0,4.0,288570.0,2748284.0,85.0,TrueView,Target Frequency,TrueView Budget,Daily,,10605.37,False,0.0,Days,False,0.0,Days,TMCM,0.0,"Hyderabad, Hyderabad",Skippable / Bumper / Non Skippable,Limited,Non Skippable,Jul–Sep 2025,43.0
YT NSK,MF 18-24 NCCS A,441790.0,4.0,195552.0,1767160.0,87.0,TrueView,Target Frequency,TrueView Budget,Daily,,9709.43,False,0.0,Days,False,0.0,Days,TMCM,0.0,Pune,Skippable / Bumper / Non Skippable,Limited,Non Skippable,Jul–Sep 2025,43.0
YT NSK,MF 18-24 NCCS A,844348.0,4.0,354627.0,3377392.0,91.0,TrueView,Target Frequency,TrueView Budget,Daily,,7.0,False,0.0,Days,False,0.0,Days,TMCM,0.0,Bengaluru,Skippable / Bumper / Non Skippable,Limited,Non Skippable,Jul–Sep 2025,43.0
YT NSK,MF 18-24 NCCS A,208812.0,4.0,81855.0,835248.0,72.0,TrueView,Target Frequency,TrueView Budget,Daily,,6653.0,False,0.0,Days,False,0.0,Days,TMCM,0.0,"Indore, Jaipur",Skippable / Bumper / Non Skippable,Limited,Non Skippable,Jul–Sep 2025,43.0
YT NSK,MF 18-24 NCCS A,552003.0,4.0,251842.0,2208012.0,102.0,TrueView,Target Frequency,TrueView Budget,Daily,,6000.0,False,0.0,Days,False,0.0,Days,TMCM,0.0,Ahmedabad,Skippable / Bumper / Non Skippable,Limited,Non Skippable,Jul–Sep 2025,43.0
YT Mobile (VAS),"25-44, M/F, P1 + P2, Affinities & Inmarket audiences",8006500.0,2.0,2001625.0,16013000.0,80.0,,,,,,,,,,,,,,,Please refer to Aditya Birla LI media plan,,,,Aug–Sep 2025,29.0
YT Mobile (VAS),"25-44, M/F, P1 + P2, Affinities & Inmarket audiences",8006500.0,2.0,2001625.0,16013000.0,50.0,,,,,,,,,,,,,,,Please refer to Aditya Birla LI media plan,,,,Aug–Sep 2025,29.0
YT CTV non skip,Female 25 - 45,554435.0,4.0,165000.0,2217742.0,67.0,,,,,,,,,,,,,,,Delhi NCR,,,,Aug–Sep 2025,14.0
YT CTV non skip,Female 25 - 45,694444.0,4.0,240000.0,2777778.0,55.0,,,,,,,,,,,,,,,UP,,,,Aug–Sep 2025,13.0
YT CTV non skip,Female 25 - 45,213542.0,4.0,82000.0,854167.0,54.0,,,,,,,,,,,,,,,Bihar,,,,Aug–Sep 2025,13.0
YT CTV non skip,Female 25 - 45,274175.0,4.0,93000.0,1096698.0,49.0,,,,,,,,,,,,,,,Punjab,,,,Aug–Sep 2025,13.0
YT CTV non skip,Female 25 - 45,228125.0,4.0,73000.0,912500.0,51.0,,,,,,,,,,,,,,,Haryana,,,,Aug–Sep 2025,13.0
YT NSK (All Devices),F 25-44 NCCS AB,995554.0,4.0,438044.0,3982216.0,92.0,TrueView,Target Frequency,TrueView Budget,Daily,,14130.0,False,0.0,Days,False,0.0,Days,TMCM,0.0,West Bengal,Skippable / Bumper / Non Skippable,Limited,Non Skippable,Sep 2025,29.0
YT NSK (All Devices),F 25-44 NCCS AB,1377034.0,4.0,974940.0,5508136.0,159.0,TrueView,Target Frequency,TrueView Budget,Daily,,180450.0,False,0.0,Days,False,0.0,Days,TMCM,0.0,Kolkata,Skippable / Bumper / Non Skippable,Limited,Non Skippable,Sep 2025,29.0
YT NSK,F 18-44 NCCS AB,769617.0,4.8,480240.0,3694162.0,98.0,TrueView,Target Frequency,TrueView Budget,Daily,,777.0,False,0.0,Days,False,0.0,Days,TMCM,0.0,"Lucknow, Varanasi",Skippable / Bumper / Non Skippable,Limited,Non Skippable,Sep–Oct 2025,29.0
YT NSK,F 18-44 NCCS AB,3341116.0,4.5,2946898.0,15035022.0,164.0,TrueView,Target Frequency,TrueView Budget,Daily,,162907.0,False,0.0,Days,False,0.0,Days,TMCM,0.0,"Mumbai, Pune, Ambernath, Ulhasnagar, Dombivli, Kalyan, Virar, Vasai-Virar, Mira Bhayandar, Thane, Navi Mumbai, Badlapur, Bhiwandi, Nala Sopara, Panvel, Karjat, Vasai, Karjat",Skippable / Bumper / Non Skippable,Limited,Non Skippable,Sep–Oct 2025,29.0
YT NSK,F 18-44 NCCS AB,1159646.0,4.5,726668.0,5218407.0,123.0,TrueView,Target Frequency,TrueView Budget,Daily,,41825.0,False,0.0,Days,False,0.0,Days,TMCM,0.0,"Kolkata, Siliguri",Skippable / Bumper / Non Skippable,Limited,Non Skippable,Sep–Oct 2025,29.0
YT NSK,F 18-44 NCCS AB,236946.0,4.5,144276.0,1066257.0,111.0,TrueView,Target Frequency,TrueView Budget,Daily,,222.0,False,0.0,Days,False,0.0,Days,TMCM,0.0,"Patna, Gaya",Skippable / Bumper / Non Skippable,Limited,Non Skippable,Sep–Oct 2025,29.0
YT CTV,F 25-44 NCCS AB,692403.0,4.0,304657.0,2769612.0,93.0,TrueView,Target Frequency,TrueView Budget,Daily,,10388.0,False,0.0,Days,False,0.0,Days,TMCM,0.0,"Mumbai, Pune, Dombivli, Kalyan, Virar, Vasai-Virar, Mira Bhayandar, Thane, Navi Mumbai, Bhiwandi, Nala Sopara",Skippable / Bumper / Non Skippable,Limited,Non Skippable,Sep–Oct 2025,29.0
YT NSK,F 25-44 NCCS AB,2885013.0,4.0,2019509.0,11540052.0,149.0,TrueView,Target Frequency,TrueView Budget,Daily,,60000.0,False,0.0,Days,False,0.0,Days,TMCM,0.0,"Mumbai, Pune, Dombivli, Kalyan, Virar, Vasai-Virar, Mira Bhayandar, Thane, Navi Mumbai, Bhiwandi, Nala Sopara",Skippable / Bumper / Non Skippable,Limited,Non Skippable,Sep–Oct 2025,29.0
YT CTV,F 25-44 NCCS AB,437883.0,3.5,168585.0,1532591.0,93.0,TrueView,Target Frequency,TrueView Budget,Daily,,12000.0,False,0.0,Days,False,0.0,Days,TMCM,0.0,Bengaluru,Skippable / Bumper / Non Skippable,Limited,Non Skippable,Sep–Oct 2025,29.0
YT NSK,F 25-44 NCCS AB,1018332.0,3.5,481162.0,3564162.0,118.0,TrueView,Target Frequency,TrueView Budget,Daily,,12448.0,False,0.0,Days,False,0.0,Days,TMCM,0.0,Bengaluru,Skippable / Bumper / Non Skippable,Limited,Non Skippable,Sep–Oct 2025,29.0
YT NSK,F 25-44 NCCS AB,2646368.0,4.0,1217329.0,10585472.0,99.0,TrueView,Target Frequency,TrueView Budget,Daily,,29127.0,False,0.0,Days,False,0.0,Days,TMCM,0.0,"Andhra Pradesh, Telangana",Skippable / Bumper / Non Skippable,Limited,Non Skippable,Sep–Oct 2025,29.0
Non Skipable,F 25 - 44,268750.0,4.0,86000.0,1075000.0,76.0,,,,,,,,,,,,,,,Bihar,,,,Sep–Oct 2025,13.0
Non Skipable,F 25 - 44,1342975.0,4.0,520000.0,5371901.0,99.0,,,,,,,,,,,,,,,DelhiNCR,,,,Sep–Oct 2025,13.0
Non Skipable,F 25 - 44,1139323.0,4.0,350000.0,4557292.0,76.0,,,,,,,,,,,,,,,UP,,,,Sep–Oct 2025,13.0
Non Skipable,F 25 - 44,138393.0,4.0,62000.0,553571.0,86.0,,,,,,,,,,,,,,,Kolkata siliguri + malda asansol,,,,Sep–Oct 2025,14.0
Non Skipable,F 25 - 44,96154.0,4.0,40000.0,384615.0,50.0,,,,,,,,,,,,,,,Orissa,,,,Sep–Oct 2025,14.0
Non Skipable,F 25 - 44,106838.0,4.0,40000.0,427350.0,76.0,,,,,,,,,,,,,,,asansol,,,,Sep–Oct 2025,14.0
Non Skipable,F 25 - 44,1083669.0,4.0,430000.0,4334677.0,110.0,,,,,,,,,,,,,,,Kolkata,,,,Sep–Oct 2025,14.0
Non Skipable,F 25 - 44,272529.0,4.0,75000.0,1090116.0,66.0,,,,,,,,,,,,,,,orissa,,,,Sep–Oct 2025,14.0
Non Skipable,F 25 - 44,59401.0,4.0,23000.0,237603.0,81.0,,,,,,,,,,,,,,,siliguri + malda ,,,,Sep–Oct 2025,14.0
YT CTV,F 25-44 NCCS AB,218703.0,5.0,180430.0,1093515.0,67.0,TrueView,Target Frequency,TrueView Budget,Daily,,1042.0,False,0.0,Days,False,0.0,Days,TMCM,0.0,"Kolhapur, Nagpur, Pune",Skippable / Bumper / Non Skippable,Limited,Non Skippable,Oct–Nov 2025,52.0
YT NSK,F 25-44 NCCS AB,1150797.0,4.8,939050.0,5523826.0,91.0,TrueView,Target Frequency,TrueView Budget,Daily,,40299.0,False,0.0,Days,False,0.0,Days,TMCM,0.0,"Kolhapur, Nagpur, Pune",Skippable / Bumper / Non Skippable,Limited,Non Skippable,Oct–Nov 2025,52.0
YT CTV,F 25-44 NCCS AB,689878.0,5.0,603643.0,3449390.0,125.0,TrueView,Target Frequency,TrueView Budget,Daily,,111195.0,False,0.0,Days,False,0.0,Days,TMCM,0.0,"Mumbai, Thane, Navi Mumbai, Bhiwandi",Skippable / Bumper / Non Skippable,Limited,Non Skippable,Oct–Nov 2025,52.0
YT NSK,F 25-44 NCCS AB,2028569.0,4.8,1801369.0,9737131.0,135.0,TrueView,Target Frequency,TrueView Budget,Daily,,101972.0,False,0.0,Days,False,0.0,Days,TMCM,0.0,"Mumbai, Dombivli, Kalyan, Vasai-Virar, Navi Mumbai, Bhiwandi, Nala Sopara, Thane, Kalyan, Vasai",Skippable / Bumper / Non Skippable,Limited,Non Skippable,Oct–Nov 2025,52.0
YT CTV,F 25-44 NCCS AB,26880.0,5.0,20160.0,134400.0,63.0,TrueView,Target Frequency,TrueView Budget,Daily,,4500.0,False,0.0,Days,False,0.0,Days,TMCM,0.0,"Bhubaneswar, Cuttack, Howrah, Chinsurah",Skippable / Bumper / Non Skippable,Limited,Non Skippable,Oct–Nov 2025,52.0
YT NSK,F 25-44 NCCS AB,183040.0,4.8,131789.0,878592.0,70.0,TrueView,Target Frequency,TrueView Budget,Daily,,12500.0,False,0.0,Days,False,0.0,Days,TMCM,0.0,"Bhubaneswar, Kolkata, Cuttack, Howrah",Skippable / Bumper / Non Skippable,Limited,Non Skippable,Oct–Nov 2025,52.0
YT CTV,F 25-44 NCCS AB,184892.0,5.0,143291.0,924460.0,91.0,TrueView,Target Frequency,TrueView Budget,Daily,,6787.0,False,0.0,Days,False,0.0,Days,TMCM,0.0,Kolkata,Skippable / Bumper / Non Skippable,Limited,Non Skippable,Oct–Nov 2025,52.0
YT NSK,F 25-44 NCCS AB,1106990.0,4.8,738584.0,5313552.0,159.0,TrueView,Target Frequency,TrueView Budget,Daily,,6500.0,False,0.0,Days,False,0.0,Days,TMCM,0.0,Kolkata,Skippable / Bumper / Non Skippable,Limited,Non Skippable,Oct–Nov 2025,52.0
YT CTV,F 25-44 NCCS AB,345407.0,5.0,267690.0,1727035.0,58.0,TrueView,Target Frequency,TrueView Budget,Daily,,15204.0,False,0.0,Days,False,0.0,Days,TMCM,0.0,"Hyderabad, Visakhapatnam",Skippable / Bumper / Non Skippable,Limited,Non Skippable,Oct–Nov 2025,52.0
YT NSK,F 25-44 NCCS AB,888531.0,4.8,592828.0,4264949.0,80.0,TrueView,Target Frequency,TrueView Budget,Daily,,45310.0,False,0.0,Days,False,0.0,Days,TMCM,0.0,"Hyderabad, Visakhapatnam",Skippable / Bumper / Non Skippable,Limited,Non Skippable,Oct–Nov 2025,52.0
YT CTV,F 25-44 NCCS AB,152527.0,5.0,91516.0,762635.0,56.0,TrueView,Target Frequency,TrueView Budget,Daily,,5208.0,False,0.0,Days,False,0.0,Days,TMCM,0.0,"Lucknow, Varanasi, Agra",Skippable / Bumper / Non Skippable,Limited,Non Skippable,Oct–Nov 2025,52.0
YT NSK,F 25-44 NCCS AB,634257.0,4.8,319665.0,3044434.0,65.0,TrueView,Target Frequency,TrueView Budget,Daily,,15431.0,False,0.0,Days,False,0.0,Days,TMCM,0.0,"Lucknow, Varanasi, Agra",Skippable / Bumper / Non Skippable,Limited,Non Skippable,Oct–Nov 2025,52.0
YT CTV,F 25-44 NCCS AB,1189166.0,5.0,915657.0,5945830.0,92.0,TrueView,Target Frequency,TrueView Budget,Daily,,68510.0,False,0.0,Days,False,0.0,Days,TMCM,0.0,"Delhi, New Delhi, Faridabad, Gurugram, Ghaziabad, Noida, Greater Noida, Delhi",Skippable / Bumper / Non Skippable,Limited,Non Skippable,Oct–Nov 2025,52.0
YT NSK,F 25-44 NCCS AB,2050704.0,4.8,1919459.0,9843379.0,109.0,TrueView,Target Frequency,TrueView Budget,Daily,,130187.0,False,0.0,Days,False,0.0,Days,TMCM,0.0,"Delhi, New Delhi, Faridabad, Gurugram, Ghaziabad, Noida, Greater Noida, Delhi",Skippable / Bumper / Non Skippable,Limited,Non Skippable,Oct–Nov 2025,52.0
YT CTV,F 25-44 NCCS AB,426079.0,5.0,362167.0,2130395.0,66.0,TrueView,Target Frequency,TrueView Budget,Daily,,7006.0,False,0.0,Days,False,0.0,Days,TMCM,0.0,"Ahmedabad, Surat, Vadodara",Skippable / Bumper / Non Skippable,Limited,Non Skippable,Oct–Nov 2025,52.0
YT NSK,F 25-44 NCCS AB,1300213.0,4.8,967359.0,6241022.0,88.0,TrueView,Target Frequency,TrueView Budget,Daily,,64852.0,False,0.0,Days,False,0.0,Days,TMCM,0.0,"Ahmedabad, Surat, Vadodara",Skippable / Bumper / Non Skippable,Limited,Non Skippable,Oct–Nov 2025,52.0
YT CTV,F 25-44 NCCS AB,293497.0,5.0,187838.0,1467485.0,79.0,TrueView,Target Frequency,TrueView Budget,Daily,,23972.0,False,0.0,Days,False,0.0,Days,TMCM,0.0,Chennai,Skippable / Bumper / Non Skippable,Limited,Non Skippable,Oct–Nov 2025,52.0
YT NSK,F 25-44 NCCS AB,862006.0,4.8,662021.0,4137629.0,85.0,TrueView,Target Frequency,TrueView Budget,Daily,,47880.0,False,0.0,Days,False,0.0,Days,TMCM,0.0,Chennai,Skippable / Bumper / Non Skippable,Limited,Non Skippable,Oct–Nov 2025,52.0
YT CTV,F 25-44 NCCS AB,100298.0,5.0,60179.0,501490.0,51.0,TrueView,Target Frequency,TrueView Budget,Daily,,2972.0,False,0.0,Days,False,0.0,Days,TMCM,0.0,"Jaipur, Jodhpur",Skippable / Bumper / Non Skippable,Limited,Non Skippable,Oct–Nov 2025,52.0
YT NSK,F 25-44 NCCS AB,411786.0,4.8,217423.0,1976573.0,66.0,TrueView,Target Frequency,TrueView Budget,Daily,,13801.0,False,0.0,Days,False,0.0,Days,TMCM,0.0,"Jaipur, Jodhpur",Skippable / Bumper / Non Skippable,Limited,Non Skippable,Oct–Nov 2025,52.0
YT CTV,F 25-44 NCCS AB,85239.0,5.0,51996.0,426195.0,53.0,TrueView,Target Frequency,TrueView Budget,Daily,,2656.0,False,0.0,Days,False,0.0,Days,TMCM,0.0,"Jamshedpur, Patna, Ranchi",Skippable / Bumper / Non Skippable,Limited,Non Skippable,Oct–Nov 2025,52.0
YT NSK,F 25-44 NCCS AB,407057.0,4.8,205157.0,1953874.0,69.0,TrueView,Target Frequency,TrueView Budget,Daily,,31048.0,False,0.0,Days,False,0.0,Days,TMCM,0.0,"Jamshedpur, Patna, Ranchi",Skippable / Bumper / Non Skippable,Limited,Non Skippable,Oct–Nov 2025,52.0
YT CTV,F 25-44 NCCS AB,300651.0,5.0,237514.0,1503255.0,84.0,TrueView,Target Frequency,TrueView Budget,Daily,,7648.0,False,0.0,Days,False,0.0,Days,TMCM,0.0,Bengaluru,Skippable / Bumper / Non Skippable,Limited,Non Skippable,Oct–Nov 2025,52.0
YT NSK,F 25-44 NCCS AB,1044655.0,4.8,902582.0,5014344.0,103.0,TrueView,Target Frequency,TrueView Budget,Daily,,64701.0,False,0.0,Days,False,0.0,Days,TMCM,0.0,Bengaluru,Skippable / Bumper / Non Skippable,Limited,Non Skippable,Oct–Nov 2025,52.0
YT CTV,F 25-44 NCCS AB,192727.0,5.0,113709.0,963635.0,46.0,TrueView,Target Frequency,TrueView Budget,Daily,,4672.0,False,0.0,Days,False,0.0,Days,TMCM,0.0,"Bhopal, Indore, Jabalpur, Raipur, Bhilai",Skippable / Bumper / Non Skippable,Limited,Non Skippable,Oct–Nov 2025,52.0
YT NSK,F 25-44 NCCS AB,712544.0,4.8,365962.0,3420211.0,60.0,TrueView,Target Frequency,TrueView Budget,Daily,,28560.0,False,0.0,Days,False,0.0,Days,TMCM,0.0,"Bhopal, Indore, Jabalpur, Raipur, Bhilai",Skippable / Bumper / Non Skippable,Limited,Non Skippable,Oct–Nov 2025,52.0
YT CTV,F 25-44 NCCS AB,84318.0,5.0,44267.0,421590.0,39.0,TrueView,Target Frequency,TrueView Budget,Daily,,542.0,False,0.0,Days,False,0.0,Days,TMCM,0.0,"Ludhiana, Jalandhar",Skippable / Bumper / Non Skippable,Limited,Non Skippable,Oct–Nov 2025,52.0
YT NSK,F 25-44 NCCS AB,314157.0,4.8,180955.0,1507954.0,62.0,TrueView,Target Frequency,TrueView Budget,Daily,,11928.0,False,0.0,Days,False,0.0,Days,TMCM,0.0,"Ludhiana, Jalandhar",Skippable / Bumper / Non Skippable,Limited,Non Skippable,Oct–Nov 2025,52.0
YT NSK,F 18-44 NCCS AB,4184123.0,4.5,2447712.0,18828554.0,97.0,TrueView,Target Frequency,TrueView Budget,Daily,,100603.0,False,0.0,Days,False,0.0,Days,TMCM,0.0,Rajasthan,Skippable / Bumper / Non Skippable,Limited,Non Skippable,Oct 2025,30.0
YT NSK,F 18-44 NCCS AB,4713275.0,4.2,2672427.0,19795755.0,104.0,TrueView,Target Frequency,TrueView Budget,Daily,,25000.0,False,0.0,Days,False,0.0,Days,TMCM,0.0,Gujarat,Skippable / Bumper / Non Skippable,Limited,Non Skippable,Oct 2025,30.0
Non-skip,F 25- 44 + HHI Top 50%,2350000.0,4.0,1034000.0,9400000.0,110.0,TrueView,Non Skippable,TrueView Budget,Daily,,105420.0,False,0.0,Days,False,0.0,Days,TMCM,0.0,"Ahmedabad, Surat, Vadodara",Non Skippable,Expanded,Non Skippable,Oct–Nov 2025,40.0
Non-skip,F 25- 44 + HHI Top 50%,120000.0,4.0,55200.0,480000.0,110.0,TrueView,Target Frequency,TrueView Budget,Daily,,2956.0,False,0.0,Days,False,0.0,Days,TMCM,0.0,"Gurugram, Fatehabad, Jind",Skippable / Bumper / Non Skippable,Expanded,Non Skippable,Oct–Nov 2025,40.0
Non-skip,F 25- 44 + HHI Top 50%,400000.0,4.0,184000.0,1600000.0,70.0,TrueView,Target Frequency,TrueView Budget,Daily,,2465.0,False,0.0,Days,False,0.0,Days,TMCM,0.0,"Chandigarh, Ludhiana, Sangrur, Patiala, Gurdaspur",Skippable / Bumper / Non Skippable,Expanded,Non Skippable,Oct–Nov 2025,40.0
Non-skip,F 25- 44 + HHI Top 50%,540000.0,4.0,237600.0,2160000.0,65.0,TrueView,Non Skippable,TrueView Budget,Daily,,501.0,True,2.0,Months,False,0.0,Days,TMCM,0.0,"Jaipur, Kota, Jodhpur",Non Skippable,Expanded,Non Skippable,Oct–Nov 2025,40.0
Non-Skip,Female 25 - 45 ,1051683.0,4.0,350000.0,4206731.0,74.0,,,,,,,,,,,,,,,"Uttar Pradesh - Lucknow, Gorakhpur, Faizabad, Basti, Prayagraj, Varanasi, Kanpur, Agra",,,,Oct 2025,20.0
Non-Skip,Female 25 - 45 ,224515.0,4.0,74000.0,898058.0,67.0,,,,,,,,,,,,,,,"Bihar - Patna, Muzaffarpur, Purnia",,,,Oct 2025,20.0
Non-Skip,Female 25 - 45 ,47488.0,4.0,15500.0,189951.0,75.0,,,,,,,,,,,,,,,Uttrakhand - Dehradun,,,,Oct 2025,20.0
YT NSK,F 25-44 NCCS AB,2521303.0,4.0,1169884.0,10085212.0,93.0,TrueView,Target Frequency,TrueView Budget,Daily,,19498.0,False,0.0,Days,False,0.0,Days,TMCM,0.0,Kerala,Skippable / Bumper / Non Skippable,Limited,Non Skippable,Oct–Nov 2025,31.0
YT NSK,F 25-44 NCCS AB,995554.0,4.0,477866.0,3982216.0,96.0,TrueView,Target Frequency,TrueView Budget,Daily,,7964.0,False,0.0,Days,False,0.0,Days,TMCM,0.0,West Bengal,Skippable / Bumper / Non Skippable,Limited,Non Skippable,Oct–Nov 2025,31.0
YT NSK,F 25-44 NCCS AB,1475394.0,4.0,1003268.0,5901576.0,120.0,TrueView,Target Frequency,TrueView Budget,Daily,,45000.0,False,0.0,Days,False,0.0,Days,TMCM,0.0,Kolkata,Skippable / Bumper / Non Skippable,Limited,Non Skippable,Oct–Nov 2025,31.0
YT NSK,F 18-44 NCCS ABC,3446526.0,4.5,2962289.0,15509367.0,157.0,TrueView,Target Frequency,TrueView Budget,Daily,,173801.0,False,0.0,Days,False,0.0,Days,TMCM,0.0,"Delhi, New Delhi, Faridabad, Gurugram, Ghaziabad, Noida, Greater Noida, Delhi",Skippable / Bumper / Non Skippable,Limited,Non Skippable,Oct–Nov 2025,31.0
YT NSK,F 18-44 NCCS ABC,2717614.0,4.5,1345219.0,12229263.0,72.0,TrueView,Target Frequency,TrueView Budget,Daily,,1122.0,False,0.0,Days,False,0.0,Days,TMCM,0.0,"Bihar, Jharkhand",Skippable / Bumper / Non Skippable,Limited,Non Skippable,Oct–Nov 2025,31.0
YT NSK,F 18-44 NCCS ABC,3080936.0,4.0,2279892.0,12323744.0,121.0,TrueView,Target Frequency,TrueView Budget,Daily,,2218.0,False,0.0,Days,False,0.0,Days,TMCM,0.0,"Mumbai, Nagpur, Pune, Nashik, Thane, Bhiwandi",Skippable / Bumper / Non Skippable,Limited,Non Skippable,Oct–Nov 2025,31.0
YT NSK,F 18-44 NCCS ABC,1230636.0,4.0,713769.0,4922544.0,97.0,TrueView,Target Frequency,TrueView Budget,Daily,,2180.0,False,0.0,Days,False,0.0,Days,TMCM,0.0,"Bengaluru, Mysuru, Hubballi",Skippable / Bumper / Non Skippable,Limited,Non Skippable,Oct–Nov 2025,31.0
YT CTV,F25-44 AB,865504.0,5.0,313745.0,4327520.0,92.0,TrueView,Target Frequency,TrueView Budget,Daily,,5881.0,False,0.0,Days,False,0.0,Days,TMCM,0.0,"Mumbai, Pune, Ambernath, Dombivli, Kalyan, Virar, Vasai-Virar, Mira Bhayandar, Thane, Navi Mumbai, Badlapur, Bhiwandi, Nala Sopara",Skippable / Bumper / Non Skippable,Limited,Non Skippable,Oct–Nov 2025,31.0
YT NSK,F25-44 AB,2885013.0,4.0,1197280.0,11540052.0,135.0,TrueView,Target Frequency,TrueView Budget,Daily,,24529.0,False,0.0,Days,False,0.0,Days,TMCM,0.0,"Mumbai, Pune, Ambernath, Dombivli, Kalyan, Virar, Vasai-Virar, Mira Bhayandar, Thane, Navi Mumbai, Badlapur, Bhiwandi, Nala Sopara",Skippable / Bumper / Non Skippable,Limited,Non Skippable,Oct–Nov 2025,31.0
YT Shorts,F25-44 AB,1917878.0,5.0,479470.0,9589390.0,24.0,TrueView,Target Frequency,TrueView Budget,Daily,,8985.0,False,0.0,Days,False,0.0,Days,TMCM,0.0,"Mumbai, Pune, Ambernath, Dombivli, Kalyan, Virar, Vasai-Virar, Mira Bhayandar, Thane, Navi Mumbai, Badlapur, Bhiwandi, Nala Sopara",,Limited,,Oct–Nov 2025,31.0
YT NSK/Reach,F25-44 AB,1331616.0,5.0,466066.0,6658080.0,90.0,TrueView,Target Frequency,TrueView Budget,Daily,,4844.0,False,0.0,Days,False,0.0,Days,TMCM,0.0,"Hyderabad, Vijayawada, Warangal, Kurnool, Medchal",Skippable / Bumper / Non Skippable,Limited,Non Skippable,Oct–Nov 2025,31.0
YT NSK,F 25-44 AB,1073946.0,5.0,805460.0,5369730.0,116.0,TrueView,Target Frequency,TrueView Budget,Daily,,26848.0,False,0.0,Days,False,0.0,Days,TMCM,0.0,"Kochi, Kozhikode, Thiruvananthapuram, Kollam, Palakkad, Changanassery",Skippable / Bumper / Non Skippable,Limited,Non Skippable,Oct–Nov 2025,31.0
,F 25- 44 + HHI Top 50%,485000.0,2.0,97000.0,970000.0,66.0,TrueView,Non Skippable,TrueView Budget,Daily,,1.0,False,0.0,Days,False,0.0,Days,TMCM,0.0,"Ahmedabad, Rajkot, Vadodara",Non Skippable,Expanded,Non Skippable,Oct–Nov 2025,44.0
,F 25- 44 + HHI Top 50%,427835.0,2.0,83000.0,855670.0,73.0,TrueView,Non Skippable,TrueView Budget,Daily,,9000.0,True,1.0,Months,False,0.0,Days,TMCM,0.0,"Faridabad, Gurugram, Panipat, Sonipat, Karnal, Hisar, Rohtak",Non Skippable,Expanded,Non Skippable,,
,F 25- 44 + HHI Top 50%,921053.0,4.0,350000.0,3684211.0,59.0,TrueView,Target Frequency,TrueView Budget,Daily,,6000.0,False,0.0,Days,False,0.0,Days,TMCM,0.0,Kerala,Skippable / Bumper / Non Skippable,Expanded,Non Skippable,,
,F 25- 44 + HHI Top 50%,4975728.0,4.0,2050000.0,19902913.0,107.0,TrueView,Target Frequency,TrueView Budget,Daily,,25000.0,False,0.0,Days,False,0.0,Days,TMCM,0.0,"Chhatrapati Sambhajinagar, Mumbai, Nagpur, Pune, Nashik, Thane, Navi Mumbai",Skippable / Bumper / Non Skippable,Expanded,Non Skippable,,
,F 25- 44 + HHI Top 50%,532178.0,4.0,215000.0,2128713.0,72.0,TrueView,Target Frequency,TrueView Budget,Daily,,3000.0,False,0.0,Days,False,0.0,Days,TMCM,0.0,"Amritsar, Ludhiana, Patiala, Jalandhar",Skippable / Bumper / Non Skippable,Expanded,Non Skippable,,
,F 25- 44 + HHI Top 50%,855978.0,4.0,315000.0,3423913.0,62.0,TrueView,Non Skippable,TrueView Budget,Daily,,1.0,False,0.0,Days,False,0.0,Days,TMCM,0.0,"Jaipur, Kota, Ajmer, Bikaner",Non Skippable,Expanded,Non Skippable,,
,F 25- 44 + HHI Top 50%,1894737.0,4.0,720000.0,7578947.0,64.0,TrueView,Non Skippable,TrueView Budget,Daily,,1.0,False,0.0,Days,False,0.0,Days,TMCM,0.0,"Prayagraj, Ghaziabad, Kanpur, Lucknow, Varanasi, Meerut, Bareilly, Saharanpur",Non Skippable,Expanded,Non Skippable,,
,F 25- 44 + HHI Top 50%,1130435.0,4.0,520000.0,4521739.0,83.0,TrueView,Non Skippable,TrueView Budget,Daily,,5000.0,True,1.0,Months,False,0.0,Days,TMCM,0.0,Kolkata,Non Skippable,Expanded,Non Skippable,,
YT NSK,F 25-44 ABC,288505.0,5.0,180316.0,1442525.0,105.0,,,,,,,,,,,,,,,Bihar 1,,,,Oct–Nov 2025,43.0
YT NSK,F 25-44 ABC,260627.0,5.0,162892.0,1303135.0,110.0,,,,,,,,,,,,,,,Bihar 2,,,,Oct–Nov 2025,43.0
YT NSK,F 25-44 ABC,276688.0,5.0,172930.0,1383440.0,106.0,,,,,,,,,,,,,,,Bihar 3,,,,Oct–Nov 2025,43.0
YT NSK,F 25-44 ABC,383139.0,4.0,191570.0,1532556.0,91.0,,,,,,,,,,,,,,,Bihar 4,,,,Oct–Nov 2025,43.0
Non-skippable,TG: F 25-44 + HHI 50%,1549479.0,4.0,595000.0,6197917.0,63.0,TrueView,Target Frequency,TrueView Budget,Daily,,13157.0,False,0.0,Days,False,0.0,Days,TMCM,0.0,Bihar,Skippable / Bumper / Non Skippable,Expanded,Non Skippable,Oct–Nov 2025,30.0
Non-skippable,TG: F 25-44 + HHI 50%,608696.0,4.0,280000.0,2434783.0,75.0,TrueView,Target Frequency,TrueView Budget,Daily,,6419.0,False,0.0,Days,False,0.0,Days,TMCM,0.0,Bihar,Skippable / Bumper / Non Skippable,Expanded,Non Skippable,Oct–Nov 2025,30.0
Non-skippable,TG: F 25-44 + HHI 50%,2382813.0,4.0,915000.0,9531250.0,70.0,TrueView,Target Frequency,TrueView Budget,Daily,,28000.0,False,0.0,Days,False,0.0,Days,TMCM,0.0,West Bengal,Skippable / Bumper / Non Skippable,Expanded,Non Skippable,Oct–Nov 2025,30.0
Non-skippable,TG: F 25-44 + HHI 50%,6132813.0,4.0,2355000.0,24531250.0,77.0,TrueView,Non Skippable,TrueView Budget,Daily,,120000.0,True,1.0,Months,False,0.0,Days,TMCM,0.0,Uttar Pradesh,Non Skippable,Expanded,Non Skippable,Oct–Nov 2025,30.0
Non-skippable,TG: F 25-44 + HHI 50%,2956522.0,4.0,1360000.0,11826087.0,76.0,TrueView,Non Skippable,TrueView Budget,Daily,,3525.0,False,0.0,Days,False,0.0,Days,TMCM,0.0,West Bengal,Non Skippable,Expanded,Non Skippable,Oct–Nov 2025,30.0
Non-skippable,TG: F 25-44 + HHI 50%,1351563.0,4.0,519000.0,5406250.0,65.0,TrueView,Target Frequency,TrueView Budget,Daily,,14426.0,False,0.0,Days,False,0.0,Days,TMCM,0.0,"Andhra Pradesh, Telangana",Skippable / Bumper / Non Skippable,Expanded,Non Skippable,Oct–Nov 2025,30.0
Non-skippable,TG: F 25-44 + HHI 50%,1419271.0,4.0,545000.0,5677083.0,78.0,TrueView,Target Frequency,TrueView Budget,Daily,,25000.0,False,0.0,Days,False,0.0,Days,TMCM,0.0,Karnataka,Skippable / Bumper / Non Skippable,Expanded,Non Skippable,Oct–Nov 2025,30.0
Non-skippable,HHI Top 21% to 50%,1053895.0,3.2,397950.0,3372464.0,80.27,TrueView,Target Frequency,TrueView Budget,Daily,,19897.0,False,0.0,Days,False,0.0,Days,TMCM,0.0,"Andhra Pradesh, Telangana",Skippable / Bumper / Non Skippable,Standard,Non Skippable,Nov 2025,27.0
,HHI Top 21% to 50%,413392.0,3.2,123025.0,103025.0,64.72,TrueView,Target Frequency,TrueView Budget,Daily,,6151.0,False,0.0,Days,False,0.0,Days,TMCM,0.0,Kerala,Skippable / Bumper / Non Skippable,Standard,Non Skippable,Nov 2025,27.0
Bumper + Shorts,HHI Top 21% to 50%,1093747.0,2.7,88725.0,2945824.0,19.37,TrueView,Target Frequency,TrueView Budget,Daily,,2516.0,False,0.0,Days,False,0.0,Days,TMCM,0.0,"Nagpur, Nanded, Solapur, Nashik, Aurangabad",Skippable / Bumper / Non Skippable,Standard,,Nov 2025,27.0
Bumper + Shorts,HHI Top 21% to 50%,657194.0,2.7,60786.0,1779533.0,22.15,TrueView,Reach,TrueView Budget,Daily,,866.0,True,2.0,Months,False,0.0,Days,TMCM,0.0,"Kanpur, Lucknow, Varanasi, Moradabad, Meerut, Agra, Aligarh, Bareilly, Allahabad",,Standard,,Nov 2025,27.0
Non-skippable + Bumper + YT shorts,YT Rural,37033337.0,3.0,1412544.0,11170142.0,90.49,TrueView,Reach,TrueView Budget,Daily,,540.0,True,4.0,Months,False,0.0,Days,TMCM,0.0,"Bihar, Jharkhand",,Standard,,Nov 2025,27.0
Non-skippable + Bumper + YT shorts,YT Rural,4108242.0,3.0,1793830.0,1793830.0,108.43,TrueView,Target Frequency,TrueView Budget,Daily,,20000.0,False,0.0,Days,False,0.0,Days,TMCM,0.0,"Madhya Pradesh, Chhattisgarh",Skippable / Bumper / Non Skippable,Standard,Non Skippable,Nov 2025,27.0
YT NSK,F18-34 AB,839582.0,5.0,503749.0,4197910.0,67.0,TrueView,Target Frequency,TrueView Budget,Daily,,160823.0,False,0.0,Days,False,0.0,Days,TMCM,0.0,"Lucknow, Varanasi",Skippable / Bumper / Non Skippable,Limited,Non Skippable,Nov 2025,29.0
YT NSK,F18-34 AB,3341116.0,5.0,3090532.0,16705580.0,146.0,TrueView,Target Frequency,TrueView Budget,Daily,,85890.0,False,0.0,Days,False,0.0,Days,TMCM,0.0,"Mumbai, Pune, Ambernath, Ulhasnagar, Dombivli, Kalyan, Virar, Vasai-Virar, Mira Bhayandar, Thane, Navi Mumbai, Badlapur, Bhiwandi, Nala Sopara, Panvel, Karjat, Vasai, Karjat",Skippable / Bumper / Non Skippable,Limited,Non Skippable,Nov 2025,29.0
YT NSK,F18-34 AB,1391575.0,5.0,904523.0,6957875.0,87.0,TrueView,Target Frequency,TrueView Budget,Daily,,16500.0,False,0.0,Days,False,0.0,Days,TMCM,0.0,"Kolkata, Siliguri",Skippable / Bumper / Non Skippable,Limited,Non Skippable,Nov 2025,29.0
YT NSK,F18-34 AB,284335.0,5.0,177709.0,1421675.0,104.0,TrueView,Target Frequency,TrueView Budget,Daily,,4009.0,False,0.0,Days,False,0.0,Days,TMCM,0.0,"Patna, Gaya",Skippable / Bumper / Non Skippable,Limited,Non Skippable,Nov 2025,29.0
YT NSK,F25-44,739155.0,5.0,591324.0,3695775.0,69.0,TrueView,Target Frequency,TrueView Budget,Daily,,6123.0,False,0.0,Days,False,0.0,Days,TMCM,0.0,"Mumbai, Kalyan, Virar, Thane, Navi Mumbai, Bhiwandi, Vasai",Skippable / Bumper / Non Skippable,Limited,Non Skippable,Nov 2025,29.0
YT NSK,F25-44,1019285.0,5.0,815428.0,5096425.0,65.0,TrueView,Target Frequency,TrueView Budget,Daily,,5946.0,False,0.0,Days,False,0.0,Days,TMCM,0.0,"Delhi, Faridabad, Gurugram, Ghaziabad, Noida, Greater Noida",Skippable / Bumper / Non Skippable,Limited,Non Skippable,Nov 2025,29.0
YT NSK,Demo (F 25-44) | Geo | NCCS AB,1189166.0,4.0,784849.0,4756664.0,96.0,TrueView,Target Frequency,TrueView Budget,Daily,,49905.0,False,0.0,Days,False,0.0,Days,TMCM,0.0,"Delhi, New Delhi, Faridabad, Gurugram, Ghaziabad, Noida, Greater Noida, Delhi",Skippable / Bumper / Non Skippable,Limited,Non Skippable,Nov 2025,29.0
YT NSK,Demo (F 25-44) | Geo | NCCS AB,689878.0,4.0,441522.0,2759512.0,99.0,TrueView,Target Frequency,TrueView Budget,Daily,,2927.0,False,0.0,Days,False,0.0,Days,TMCM,0.0,"Mumbai, Dombivli, Kalyan, Virar, Vasai-Virar, Thane, Navi Mumbai, Bhiwandi",Skippable / Bumper / Non Skippable,Limited,Non Skippable,Nov 2025,29.0
YT NSK,Demo (F 25-44) | Geo | NCCS AB,300651.0,4.0,186403.0,1202604.0,88.0,TrueView,Target Frequency,TrueView Budget,Daily,,2005.0,False,0.0,Days,False,0.0,Days,TMCM,0.0,Bengaluru,Skippable / Bumper / Non Skippable,Limited,Non Skippable,Nov 2025,29.0
YT NSK,F 25-44 ABCDE,1757158.0,5.0,1054295.0,8785790.0,76.0,,,,,,,,,,,,,,,UP+UTT,,,,Nov 2025,29.0
